"DT_GERACAO";"HH_GERACAO";"ANO_ELEICAO";"CD_TIPO_ELEICAO";"NM_TIPO_ELEICAO";"CD_ELEICAO";"DS_ELEICAO";"DT_ELEICAO";"SG_UF";"SG_UE";"NM_UE";"SQ_CANDIDATO";"NR_ORDEM_CANDIDATO";"CD_TIPO_BEM_CANDIDATO";"DS_TIPO_BEM_CANDIDATO";"DS_BEM_CANDIDATO";"VR_BEM_CANDIDATO";"DT_ULTIMA_ATUALIZACAO";"HH_ULTIMA_ATUALIZACAO"
"20/09/2018";"09:50:19";"2014";"2";"Eleição Ordinária";"143";"Eleições Gerais 2014";"05/10/2014";"BR";"BR";"BRASIL";"280000000001";"1";"61";"Depósito bancário em conta corrente no País";"SALDO";"20000,00";"12/07/2018";"16:35:38"
"20/09/2018";"09:50:19";"2014";"2";"Eleição Ordinária";"143";"Eleições Gerais 2014";"05/10/2014";"BR";"BR";"BRASIL";"280000000002";"1";"12";"Casa";"ÍMOVEL FINANCIADO NA RUA TREZENTOS, QUADRA 03, CASA 12-A";"200000,00";"12/07/2018";"16:35:38"
"20/09/2018";"09:50:19";"2014";"2";"Eleição Ordinária";"143";"Eleições Gerais 2014";"05/10/2014";"BR";"BR";"BRASIL";"280000000021";"1";"19";"Outros bens imóveis";"DECORRENTE DE LITÍGIO JUDICIAL";"80074,14";"12/07/2018";"16:35:38"
"20/09/2018";"09:50:19";"2014";"2";"Eleição Ordinária";"143";"Eleições Gerais 2014";"05/10/2014";"BR";"BR";"BRASIL";"280000000021";"2";"21";"Veículo automotor terrestre: caminhão, automóvel, moto, etc.";"MARCA FIAT, GASOLINA, COR PRETA, 4 PORTAS, 1.6";"15752,00";"12/07/2018";"16:35:38"
"20/09/2018";"09:50:19";"2014";"2";"Eleição Ordinária";"143";"Eleições Gerais 2014";"05/10/2014";"BR";"BR";"BRASIL";"280000000021";"3";"69";"Outros depósitos à vista e numerário";"MANTIDO NO PAÍS";"140000,00";"12/07/2018";"16:35:38"
"20/09/2018";"09:50:19";"2014";"2";"Eleição Ordinária";"143";"Eleições Gerais 2014";"05/10/2014";"BR";"BR";"BRASIL";"280000000021";"4";"61";"Depósito bancário em conta corrente no País";"MANTIDO JUNTO À CEF";"49,21";"12/07/2018";"16:35:38"
"20/09/2018";"09:50:19";"2014";"2";"Eleição Ordinária";"143";"Eleições Gerais 2014";"05/10/2014";"BR";"BR";"BRASIL";"280000000021";"5";"39";"Outras participações societárias";"EMPRESAS SITUADAS NO PAÍS";"73300,00";"12/07/2018";"16:35:38"
"20/09/2018";"09:50:19";"2014";"2";"Eleição Ordinária";"143";"Eleições Gerais 2014";"05/10/2014";"BR";"BR";"BRASIL";"280000000021";"6";"45";"Aplicação de renda fixa (CDB, RDB e outros)";"MANTIDO NO BRADESCO";"1800,00";"12/07/2018";"16:35:38"
"20/09/2018";"09:50:19";"2014";"2";"Eleição Ordinária";"143";"Eleições Gerais 2014";"05/10/2014";"BR";"BR";"BRASIL";"280000000021";"7";"95";"Consórcio não contemplado";"CONTRATADO JUNTO AO BANCO BRADESCO";"31990,00";"12/07/2018";"16:35:38"
"20/09/2018";"09:50:19";"2014";"2";"Eleição Ordinária";"143";"Eleições Gerais 2014";"05/10/2014";"BR";"BR";"BRASIL";"280000000021";"8";"25";"Jóia, quadro, objeto de arte, de coleção, antiguidade, etc.";"MANTIDO NO PAÍS";"14000,00";"12/07/2018";"16:35:38"
"20/09/2018";"09:50:19";"2014";"2";"Eleição Ordinária";"143";"Eleições Gerais 2014";"05/10/2014";"BR";"BR";"BRASIL";"280000000021";"9";"51";"Crédito decorrente de empréstimo";"EFETIVADO À PESSOAS FÍSICAS NO PAÍS";"290000,00";"12/07/2018";"16:35:38"
"20/09/2018";"09:50:19";"2014";"2";"Eleição Ordinária";"143";"Eleições Gerais 2014";"05/10/2014";"BR";"BR";"BRASIL";"280000000021";"10";"61";"Depósito bancário em conta corrente no País";"MANTIDO JUNTO AO BANCO BRADESCO";"2672,84";"12/07/2018";"16:35:38"
"20/09/2018";"09:50:19";"2014";"2";"Eleição Ordinária";"143";"Eleições Gerais 2014";"05/10/2014";"BR";"BR";"BRASIL";"280000000022";"1";"45";"Aplicação de renda fixa (CDB, RDB e outros)";"MANTIDA JUNTO AO ITAÚ";"51225,85";"12/07/2018";"16:35:38"
"20/09/2018";"09:50:19";"2014";"2";"Eleição Ordinária";"143";"Eleições Gerais 2014";"05/10/2014";"BR";"BR";"BRASIL";"280000000022";"2";"45";"Aplicação de renda fixa (CDB, RDB e outros)";"CONTA COMPROMISSADA - ITAÚ";"14987,76";"12/07/2018";"16:35:38"
"20/09/2018";"09:50:19";"2014";"2";"Eleição Ordinária";"143";"Eleições Gerais 2014";"05/10/2014";"BR";"BR";"BRASIL";"280000000022";"4";"45";"Aplicação de renda fixa (CDB, RDB e outros)";"CONTA COMPROMISSADA - ITAÚ PERSONALITE";"170584,55";"12/07/2018";"16:35:38"
"20/09/2018";"09:50:19";"2014";"2";"Eleição Ordinária";"143";"Eleições Gerais 2014";"05/10/2014";"BR";"BR";"BRASIL";"280000000022";"5";"21";"Veículo automotor terrestre: caminhão, automóvel, moto, etc.";"HONDA, CITY, 2010/2011";"56500,00";"12/07/2018";"16:35:38"
"20/09/2018";"09:50:19";"2014";"2";"Eleição Ordinária";"143";"Eleições Gerais 2014";"05/10/2014";"BR";"BR";"BRASIL";"280000000022";"6";"41";"Caderneta de poupança";"MANTIDO JUNTO A CEF";"193024,52";"12/07/2018";"16:35:38"
"20/09/2018";"09:50:19";"2014";"2";"Eleição Ordinária";"143";"Eleições Gerais 2014";"05/10/2014";"BR";"BR";"BRASIL";"280000000022";"7";"45";"Aplicação de renda fixa (CDB, RDB e outros)";"FUNDO DI - BANCO DO BRASIL";"7500,00";"12/07/2018";"16:35:38"
"20/09/2018";"09:50:19";"2014";"2";"Eleição Ordinária";"143";"Eleições Gerais 2014";"05/10/2014";"BR";"BR";"BRASIL";"280000000022";"8";"45";"Aplicação de renda fixa (CDB, RDB e outros)";"BB AGRONEGÓCIO - PÓS - CDI";"301099,24";"12/07/2018";"16:35:38"
"20/09/2018";"09:50:19";"2014";"2";"Eleição Ordinária";"143";"Eleições Gerais 2014";"05/10/2014";"BR";"BR";"BRASIL";"280000000022";"9";"45";"Aplicação de renda fixa (CDB, RDB e outros)";"POUPEX - BANCO DO BRASIL";"32674,61";"12/07/2018";"16:35:38"
"20/09/2018";"09:50:19";"2014";"2";"Eleição Ordinária";"143";"Eleições Gerais 2014";"05/10/2014";"BR";"BR";"BRASIL";"280000000022";"10";"45";"Aplicação de renda fixa (CDB, RDB e outros)";"MANTIDO NO HSBC";"7900,00";"12/07/2018";"16:35:38"
"20/09/2018";"09:50:19";"2014";"2";"Eleição Ordinária";"143";"Eleições Gerais 2014";"05/10/2014";"BR";"BR";"BRASIL";"280000000022";"11";"19";"Outros bens imóveis";"BOA VIAGEM, RECIFE/PE, LOTEAMENTO SANTA TEREZINHA";"50000,00";"12/07/2018";"16:35:38"
"20/09/2018";"09:50:19";"2014";"2";"Eleição Ordinária";"143";"Eleições Gerais 2014";"05/10/2014";"BR";"BR";"BRASIL";"280000000022";"12";"21";"Veículo automotor terrestre: caminhão, automóvel, moto, etc.";"VW, FOX 1.6, 2010/2011 - EM NOME DE DEPENDENTE";"39990,00";"12/07/2018";"16:35:38"
"20/09/2018";"09:50:19";"2014";"2";"Eleição Ordinária";"143";"Eleições Gerais 2014";"05/10/2014";"BR";"BR";"BRASIL";"280000000022";"13";"11";"Apartamento";"AP. 405, SITUADO NO BAIRRO DE BOA VIAGEM, RECIFE/PE";"51000,00";"12/07/2018";"16:35:38"
"20/09/2018";"09:50:19";"2014";"2";"Eleição Ordinária";"143";"Eleições Gerais 2014";"05/10/2014";"BR";"BR";"BRASIL";"280000000022";"14";"11";"Apartamento";"AP. 1401, SITUADO NO BAIRRO DE BOA VIAGEM, RECIFE/PE";"330000,00";"12/07/2018";"16:35:38"
"20/09/2018";"09:50:19";"2014";"2";"Eleição Ordinária";"143";"Eleições Gerais 2014";"05/10/2014";"BR";"BR";"BRASIL";"280000000022";"15";"15";"Sala ou conjunto";"N. 704, SITUADA NO BAIRRO DE BOA VIAGEM, RECIFE/PE";"31000,00";"12/07/2018";"16:35:38"
"20/09/2018";"09:50:19";"2014";"2";"Eleição Ordinária";"143";"Eleições Gerais 2014";"05/10/2014";"BR";"BR";"BRASIL";"280000000022";"16";"12";"Casa";"PRAIA DE JACUMA, CONDE/PB";"132836,00";"12/07/2018";"16:35:38"
"20/09/2018";"09:50:19";"2014";"2";"Eleição Ordinária";"143";"Eleições Gerais 2014";"05/10/2014";"BR";"BR";"BRASIL";"280000000022";"17";"41";"Caderneta de poupança";"MANTIDO JUNTO A CEF (DEPENDENTE)";"177494,79";"12/07/2018";"16:35:38"
"20/09/2018";"09:50:19";"2014";"2";"Eleição Ordinária";"143";"Eleições Gerais 2014";"05/10/2014";"BR";"BR";"BRASIL";"280000000041";"1";"21";"Veículo automotor terrestre: caminhão, automóvel, moto, etc.";"AUTOMÓVEL PEUGEOT, ANO 2006, MODELO FELINI FX 1.4, PLACA DST 9033";"11000,00";"12/07/2018";"16:35:38"
"20/09/2018";"09:50:19";"2014";"2";"Eleição Ordinária";"143";"Eleições Gerais 2014";"05/10/2014";"BR";"BR";"BRASIL";"280000000041";"2";"61";"Depósito bancário em conta corrente no País";"CONTA CORRENTE NO BANCO DO BRASIL";"4553,86";"12/07/2018";"16:35:38"
"20/09/2018";"09:50:19";"2014";"2";"Eleição Ordinária";"143";"Eleições Gerais 2014";"05/10/2014";"BR";"BR";"BRASIL";"280000000041";"3";"61";"Depósito bancário em conta corrente no País";"BANCO SANTANDER";"144,38";"12/07/2018";"16:35:38"
"20/09/2018";"09:50:19";"2014";"2";"Eleição Ordinária";"143";"Eleições Gerais 2014";"05/10/2014";"BR";"BR";"BRASIL";"280000000041";"4";"12";"Casa";"IMÓVEL SITUADO À RUA PARAMOUNT, SÃO BERNARDO DO CAMPO, SP, FINANCIADO PELO SNH , PELA CAIXA ECONÔMICA FEDERAL EM CORPORIEDADE COM PAULA URZUA TALEIKIS";"140868,00";"12/07/2018";"16:35:38"
"20/09/2018";"09:50:19";"2014";"2";"Eleição Ordinária";"143";"Eleições Gerais 2014";"05/10/2014";"BR";"BR";"BRASIL";"280000000041";"5";"19";"Outros bens imóveis";"1/4 DE BOX N] 54 RELATIVO AO APARTAMENTO DA RUA MIRANDA DE AZEVEDO, PERDIZES, SÃO PAULO, SP RELATIVO AO ESPÓLIO DO PAI DO DECLARANTE";"4122,00";"12/07/2018";"16:35:38"
"20/09/2018";"09:50:19";"2014";"2";"Eleição Ordinária";"143";"Eleições Gerais 2014";"05/10/2014";"BR";"BR";"BRASIL";"280000000041";"6";"11";"Apartamento";"1/4 DA NUA PROPRIEDADE DO APARTAMENTO SITUADO À RUA CAIUBÍ, PERDIZES, SÃO PAULO, SP RELATIVO AO INVENTÁRIO DO PAI DO DECLARANTE";"18963,33";"12/07/2018";"16:35:38"
"20/09/2018";"09:50:19";"2014";"2";"Eleição Ordinária";"143";"Eleições Gerais 2014";"05/10/2014";"BR";"BR";"BRASIL";"280000000041";"7";"19";"Outros bens imóveis";"1/4 DA NUA PROPRIEDADE DO BOX 55, RELATIVO AO APARTAMENTO DA RUA CAIUBÍ, PERDIZES, SÃO PAULO, SP, COMO PARTE DE INVENTÁRIO DO PAI DO DECLARANTE";"5754,67";"12/07/2018";"16:35:38"
"20/09/2018";"09:50:19";"2014";"2";"Eleição Ordinária";"143";"Eleições Gerais 2014";"05/10/2014";"BR";"BR";"BRASIL";"280000000041";"8";"11";"Apartamento";"1/4 DA NUA PROPRIEDADE DO APARTAMENTO SITUADO À RUA MIRANDA DE AZEVEDO, PERDIZES, SÃO PAULO, SP, REFERENTE À PARTILHA DOS BENS DE HERNANI JOSÉ PINTO IASI, PAIA DO DECLARANTE, FALECIDO EM JUNHO DE 2011";"18942,33";"12/07/2018";"16:35:38"
"20/09/2018";"09:50:19";"2014";"2";"Eleição Ordinária";"143";"Eleições Gerais 2014";"05/10/2014";"BR";"BR";"BRASIL";"280000000042";"1";"11";"Apartamento";"50% DE UM APARTAMENTO À RUA DR. ALFREDO ELLIS, SÃO PAULO - SP";"100000,00";"12/07/2018";"16:35:38"
"20/09/2018";"09:50:19";"2014";"2";"Eleição Ordinária";"143";"Eleições Gerais 2014";"05/10/2014";"BR";"BR";"BRASIL";"280000000042";"2";"21";"Veículo automotor terrestre: caminhão, automóvel, moto, etc.";"AUTOMÓVEL VOLKSWAGEN FOX, ANO 2009";"20000,00";"12/07/2018";"16:35:38"
"20/09/2018";"09:50:19";"2014";"2";"Eleição Ordinária";"143";"Eleições Gerais 2014";"05/10/2014";"BR";"BR";"BRASIL";"280000000043";"1";"32";"Quotas ou quinhões de capital";"R$ 500,00 CORRESPONDENTE A  50% DO TOTAL DO CAPITAL SOCIAL DA SOCIEDADE SIMPLES PURA GENRO E GENRO ADVOGADOS CNPJ 15.537.821/0001-39";"500,00";"12/07/2018";"16:35:38"
"20/09/2018";"09:50:19";"2014";"2";"Eleição Ordinária";"143";"Eleições Gerais 2014";"05/10/2014";"BR";"BR";"BRASIL";"280000000043";"2";"51";"Crédito decorrente de empréstimo";"CRÉDITO DECORRENTE DE EMPRÉSTIMO A EMPRESA GENRO   GENRO";"3500,00";"12/07/2018";"16:35:38"
"20/09/2018";"09:50:19";"2014";"2";"Eleição Ordinária";"143";"Eleições Gerais 2014";"05/10/2014";"BR";"BR";"BRASIL";"280000000043";"3";"45";"Aplicação de renda fixa (CDB, RDB e outros)";"APLICAÇÃO RENDA FIXA BANRISUL";"8030,00";"12/07/2018";"16:35:38"
"20/09/2018";"09:50:19";"2014";"2";"Eleição Ordinária";"143";"Eleições Gerais 2014";"05/10/2014";"BR";"BR";"BRASIL";"280000000043";"4";"61";"Depósito bancário em conta corrente no País";"CONTA CORRENTE BANRISUL AG, 0839 C.C.: 355369102";"90,88";"12/07/2018";"16:35:38"
"20/09/2018";"09:50:19";"2014";"2";"Eleição Ordinária";"143";"Eleições Gerais 2014";"05/10/2014";"BR";"BR";"BRASIL";"280000000043";"5";"41";"Caderneta de poupança";"BANRISUL AG. 0839 C. 3905708104";"23046,78";"12/07/2018";"16:35:38"
"20/09/2018";"09:50:19";"2014";"2";"Eleição Ordinária";"143";"Eleições Gerais 2014";"05/10/2014";"BR";"BR";"BRASIL";"280000000043";"6";"61";"Depósito bancário em conta corrente no País";"CONTA CORRENTE CAIXA ECONOMICA FEDERAL AG.:1851 C.C.:000003830";"22,29";"12/07/2018";"16:35:38"
"20/09/2018";"09:50:19";"2014";"2";"Eleição Ordinária";"143";"Eleições Gerais 2014";"05/10/2014";"BR";"BR";"BRASIL";"280000000043";"7";"12";"Casa";"50% CASA RUA LANDEL DE MOURA, 1394, PORTO ALEGRE - RS";"150000,00";"12/07/2018";"16:35:38"
"20/09/2018";"09:50:19";"2014";"2";"Eleição Ordinária";"143";"Eleições Gerais 2014";"05/10/2014";"BR";"BR";"BRASIL";"280000000044";"1";"92";"Título de clube e assemelhado";"TERRENO DE 500M2 LOCALIZADO À RUA JOSÉ SILVEIRA, 178, NO BAIRRO DE MOGI MODERNO, MOGI DAS CRUZES/SP";"230000,00";"12/07/2018";"16:35:38"
"20/09/2018";"09:50:19";"2014";"2";"Eleição Ordinária";"143";"Eleições Gerais 2014";"05/10/2014";"BR";"BR";"BRASIL";"280000000044";"2";"12";"Casa";"CASA DE 75M2 LOCALIZADA À RUA JOSÉ SILVEIRA, 178, BAIRRO DE MOGI MODERNO, MOGI DAS CRUZES/SP";"50000,00";"12/07/2018";"16:35:38"
"20/09/2018";"09:50:19";"2014";"2";"Eleição Ordinária";"143";"Eleições Gerais 2014";"05/10/2014";"BR";"BR";"BRASIL";"280000000044";"3";"41";"Caderneta de poupança";"BANCO DO BRASIL, AG. 6535-8, C.C.: 113912-6";"9000,00";"12/07/2018";"16:35:38"
"20/09/2018";"09:50:19";"2014";"2";"Eleição Ordinária";"143";"Eleições Gerais 2014";"05/10/2014";"BR";"BR";"BRASIL";"280000000061";"1";"21";"Veículo automotor terrestre: caminhão, automóvel, moto, etc.";"CITROEN C3 2010 PLACA EMX 2287";"39200,00";"12/07/2018";"16:35:38"
"20/09/2018";"09:50:19";"2014";"2";"Eleição Ordinária";"143";"Eleições Gerais 2014";"05/10/2014";"BR";"BR";"BRASIL";"280000000061";"3";"21";"Veículo automotor terrestre: caminhão, automóvel, moto, etc.";"HONDA FIT 2003 DMB 7786 ADQUIRIDO NA HONDA";"30000,00";"12/07/2018";"16:35:38"
"20/09/2018";"09:50:19";"2014";"2";"Eleição Ordinária";"143";"Eleições Gerais 2014";"05/10/2014";"BR";"BR";"BRASIL";"280000000061";"4";"13";"Terreno";"1/8 DE TERRENO EM SÃO BENTO DE SAPUCAI-SP";"60000,00";"12/07/2018";"16:35:38"
"20/09/2018";"09:50:19";"2014";"2";"Eleição Ordinária";"143";"Eleições Gerais 2014";"05/10/2014";"BR";"BR";"BRASIL";"280000000061";"5";"12";"Casa";"CASA CONDOMINIO CARMEL SÃO SEBASTIÃO - SP";"250000,00";"12/07/2018";"16:35:38"
"20/09/2018";"09:50:19";"2014";"2";"Eleição Ordinária";"143";"Eleições Gerais 2014";"05/10/2014";"BR";"BR";"BRASIL";"280000000061";"6";"61";"Depósito bancário em conta corrente no País";"BANCO DO BRASIL";"588,49";"12/07/2018";"16:35:38"
"20/09/2018";"09:50:19";"2014";"2";"Eleição Ordinária";"143";"Eleições Gerais 2014";"05/10/2014";"BR";"BR";"BRASIL";"280000000061";"7";"32";"Quotas ou quinhões de capital";"COTAS ITAU PERSONALITE";"25164,63";"12/07/2018";"16:35:38"
"20/09/2018";"09:50:19";"2014";"2";"Eleição Ordinária";"143";"Eleições Gerais 2014";"05/10/2014";"BR";"BR";"BRASIL";"280000000062";"1";"12";"Casa";"CASA NO CONDOMINIO VILA INGLESA, LAURO DE FREITAS/BA";"780000,00";"12/07/2018";"16:35:38"
"20/09/2018";"09:50:19";"2014";"2";"Eleição Ordinária";"143";"Eleições Gerais 2014";"05/10/2014";"BR";"BR";"BRASIL";"280000000062";"2";"13";"Terreno";"TERRENO NO CONDOMINIO AMSTERDA EM LAURO DE FREITAS/BA";"180000,00";"12/07/2018";"16:35:38"
"20/09/2018";"09:50:19";"2014";"2";"Eleição Ordinária";"143";"Eleições Gerais 2014";"05/10/2014";"BR";"BR";"BRASIL";"280000000062";"3";"21";"Veículo automotor terrestre: caminhão, automóvel, moto, etc.";"VEICULO ECO SPORT, XLT 1.6 FLEX MODELO 2008/2008";"68930,08";"12/07/2018";"16:35:38"
"20/09/2018";"09:50:19";"2014";"2";"Eleição Ordinária";"143";"Eleições Gerais 2014";"05/10/2014";"BR";"BR";"BRASIL";"280000000062";"4";"32";"Quotas ou quinhões de capital";"QUOTAS AUDPEC AUDITORIA PERICIA E CONSULTORIA CONTABIL S.S NO VALOR CONTABIL DE R$ 15.000,00";"15000,00";"12/07/2018";"16:35:38"
"20/09/2018";"09:50:19";"2014";"2";"Eleição Ordinária";"143";"Eleições Gerais 2014";"05/10/2014";"BR";"BR";"BRASIL";"280000000063";"1";"12";"Casa";"CASA RESIDENCIAL LOCALIZADA A RUA LUIS DA MOTA SILVEIRA 212 EM RECIFE/PE";"142460,00";"12/07/2018";"16:35:38"
"20/09/2018";"09:50:19";"2014";"2";"Eleição Ordinária";"143";"Eleições Gerais 2014";"05/10/2014";"BR";"BR";"BRASIL";"280000000063";"2";"11";"Apartamento";"APARTAMENTO LOCALIZADO NO CONJUNTO RESIDENCIAL CANDEIAS II AV BERNARDO VIEIRA DE MELO 5394 EM JABOATÃO DOS GUARARAPES";"60000,00";"12/07/2018";"16:35:38"
"20/09/2018";"09:50:19";"2014";"2";"Eleição Ordinária";"143";"Eleições Gerais 2014";"05/10/2014";"BR";"BR";"BRASIL";"280000000063";"3";"13";"Terreno";"ÁREA DE 80,72 HA LOCALIZADO NO MUNICÍPIO DE GARANHUNS";"63000,00";"12/07/2018";"16:35:38"
"20/09/2018";"09:50:19";"2014";"2";"Eleição Ordinária";"143";"Eleições Gerais 2014";"05/10/2014";"BR";"BR";"BRASIL";"280000000063";"4";"32";"Quotas ou quinhões de capital";"375 QUOTAS DO CAPITAL SOCIAL DA AGROPECUÁRIA N S NAZARÉ CNPJ 0373808075";"15000,00";"12/07/2018";"16:35:38"
"20/09/2018";"09:50:19";"2014";"2";"Eleição Ordinária";"143";"Eleições Gerais 2014";"05/10/2014";"BR";"BR";"BRASIL";"280000000063";"5";"13";"Terreno";"ÁREA LOCALIZADA NA RUA DOIS IRMÃOS  982 EM RECIFE/PE";"140000,00";"12/07/2018";"16:35:38"
"20/09/2018";"09:50:19";"2014";"2";"Eleição Ordinária";"143";"Eleições Gerais 2014";"05/10/2014";"BR";"BR";"BRASIL";"280000000063";"6";"61";"Depósito bancário em conta corrente no País";"BANCO BRADESCO AG 2560 CONTA 40-0";"19800,48";"12/07/2018";"16:35:38"
"20/09/2018";"09:50:19";"2014";"2";"Eleição Ordinária";"143";"Eleições Gerais 2014";"05/10/2014";"BR";"BR";"BRASIL";"280000000063";"7";"61";"Depósito bancário em conta corrente no País";"BANCO BRADESCO AG 2300 CONTA 1160-6 EM NOME DA CONJUGUE RENATA DE ANDRADE L. CAMPOS CPF 545.519.514-04";"15907,02";"12/07/2018";"16:35:38"
"20/09/2018";"09:50:19";"2014";"2";"Eleição Ordinária";"143";"Eleições Gerais 2014";"05/10/2014";"BR";"BR";"BRASIL";"280000000063";"8";"21";"Veículo automotor terrestre: caminhão, automóvel, moto, etc.";"CARRO KIA CERATO PLACA PFG 6046 EM NOME DA CONJUGE RENATA DE ANDRADE L. CAMPOS";"55000,00";"12/07/2018";"16:35:38"
"20/09/2018";"09:50:19";"2014";"2";"Eleição Ordinária";"143";"Eleições Gerais 2014";"05/10/2014";"BR";"BR";"BRASIL";"280000000063";"9";"21";"Veículo automotor terrestre: caminhão, automóvel, moto, etc.";"FIAT 500 ANO 2012";"35632,00";"12/07/2018";"16:35:38"
"20/09/2018";"09:50:19";"2014";"2";"Eleição Ordinária";"143";"Eleições Gerais 2014";"05/10/2014";"BR";"BR";"BRASIL";"280000000064";"1";"12";"Casa";"CASA EM RIO BRANCO/AC SITUADA NA RUA 14 DE JUNHO , N. 98, BAIRRO SÃO FRANCISCO";"60000,00";"12/07/2018";"16:35:38"
"20/09/2018";"09:50:19";"2014";"2";"Eleição Ordinária";"143";"Eleições Gerais 2014";"05/10/2014";"BR";"BR";"BRASIL";"280000000064";"2";"19";"Outros bens imóveis";"SEIS LOTES NA CHACARAEL SHADAI II AREA TOTAL DE 16.197M EM RIO BRANCO/AC";"42481,50";"12/07/2018";"16:35:38"
"20/09/2018";"09:50:19";"2014";"2";"Eleição Ordinária";"143";"Eleições Gerais 2014";"05/10/2014";"BR";"BR";"BRASIL";"280000000064";"3";"61";"Depósito bancário em conta corrente no País";"SALDO EM CONTA CORRENTE NO BANCO DO BRASIL";"27920,88";"12/07/2018";"16:35:38"
"20/09/2018";"09:50:19";"2014";"2";"Eleição Ordinária";"143";"Eleições Gerais 2014";"05/10/2014";"BR";"BR";"BRASIL";"280000000064";"4";"32";"Quotas ou quinhões de capital";"CAPITAL DA FIRMA INDIVIDUAL M O M DA S.V. DE LIMA, CNPJ 13.472.454/0001-07";"5000,00";"12/07/2018";"16:35:38"
"20/09/2018";"09:50:19";"2014";"2";"Eleição Ordinária";"143";"Eleições Gerais 2014";"05/10/2014";"BR";"BR";"BRASIL";"280000000065";"1";"32";"Quotas ou quinhões de capital";"23.125 QUOTAS DA EDP CORRETORA DE SEGUROS LTDA, CNPJ: 40.440.000/0001-27";"49500,00";"12/07/2018";"16:35:38"
"20/09/2018";"09:50:19";"2014";"2";"Eleição Ordinária";"143";"Eleições Gerais 2014";"05/10/2014";"BR";"BR";"BRASIL";"280000000065";"2";"13";"Terreno";"TERRENO LOCALIZADO NA PRAIA DA LONGA S/N, ILHA GRANDE, ANGRA DOS REIS, RIO DE JANEIRO/RJ, CONFORME CERTIDÃO DE INSCRIÇÃO DE OCUPAÇÃO N. 1202/02 DE 10 DE DEZEMBRO DE 2002 SPU";"5000,00";"12/07/2018";"16:35:38"
"20/09/2018";"09:50:19";"2014";"2";"Eleição Ordinária";"143";"Eleições Gerais 2014";"05/10/2014";"BR";"BR";"BRASIL";"280000000065";"3";"32";"Quotas ou quinhões de capital";"2.850 QUOTAS DA EMPRESA JORNALISTICA FOLHA CRISTÃ LTDA -ME, CNPJ: 32.271.553/0001-75";"2850,00";"12/07/2018";"16:35:38"
"20/09/2018";"09:50:19";"2014";"2";"Eleição Ordinária";"143";"Eleições Gerais 2014";"05/10/2014";"BR";"BR";"BRASIL";"280000000065";"4";"61";"Depósito bancário em conta corrente no País";"BRADESCO AG.1975, C/C 1005570-9";"10067,18";"12/07/2018";"16:35:38"
"20/09/2018";"09:50:19";"2014";"2";"Eleição Ordinária";"143";"Eleições Gerais 2014";"05/10/2014";"BR";"BR";"BRASIL";"280000000065";"5";"45";"Aplicação de renda fixa (CDB, RDB e outros)";"BRADESCO AG.1400 C/C 8465652-6";"22,85";"12/07/2018";"16:35:38"
"20/09/2018";"09:50:19";"2014";"2";"Eleição Ordinária";"143";"Eleições Gerais 2014";"05/10/2014";"BR";"BR";"BRASIL";"280000000065";"6";"21";"Veículo automotor terrestre: caminhão, automóvel, moto, etc.";"TOYOTA, COROLA PLAZA LQQ 2272 CONFORME CONTRATO N. 003264385 EM 22/01/2013 COM SINAL DE R$ 1.000,00, E 36 PARCELAS DE R$ 2.495,58";"28451,38";"12/07/2018";"16:35:38"
"20/09/2018";"09:50:19";"2014";"2";"Eleição Ordinária";"143";"Eleições Gerais 2014";"05/10/2014";"BR";"BR";"BRASIL";"280000000065";"7";"32";"Quotas ou quinhões de capital";"51 QUOTAS DA EDP ASSESSORIA E CONSULTORIA LTDA, CNPJ: 06.143.965/0001-10";"25500,00";"12/07/2018";"16:35:38"
"20/09/2018";"09:50:19";"2014";"2";"Eleição Ordinária";"143";"Eleições Gerais 2014";"05/10/2014";"BR";"BR";"BRASIL";"280000000066";"1";"61";"Depósito bancário em conta corrente no País";"AG000CC000";"20000,00";"12/07/2018";"16:35:38"
"20/09/2018";"09:50:19";"2014";"2";"Eleição Ordinária";"143";"Eleições Gerais 2014";"05/10/2014";"BR";"BR";"BRASIL";"280000000066";"2";"11";"Apartamento";"APTO SIATUADO A SQSW 300, BLOCO M, APT 109, EM BRASILIA-DF,";"1000000,00";"12/07/2018";"16:35:38"
"20/09/2018";"09:50:19";"2014";"2";"Eleição Ordinária";"143";"Eleições Gerais 2014";"05/10/2014";"BR";"BR";"BRASIL";"280000000066";"3";"21";"Veículo automotor terrestre: caminhão, automóvel, moto, etc.";"CHEVROLET S-10, ANO/MODELO 2012/2013";"60000,00";"12/07/2018";"16:35:38"
"20/09/2018";"09:50:19";"2014";"2";"Eleição Ordinária";"143";"Eleições Gerais 2014";"05/10/2014";"BR";"BR";"BRASIL";"280000000066";"4";"95";"Consórcio não contemplado";"CONSÓRCIO NÃO CONTEMPLADO, JUNTO AO BANCO SANTANDER";"65000,00";"12/07/2018";"16:35:38"
"20/09/2018";"09:50:19";"2014";"2";"Eleição Ordinária";"143";"Eleições Gerais 2014";"05/10/2014";"BR";"BR";"BRASIL";"280000000067";"1";"12";"Casa";"RUA C - QUADRA F - JARDIM REMANSO BERTIOGA - SP";"89892,24";"12/07/2018";"16:35:38"
"20/09/2018";"09:50:19";"2014";"2";"Eleição Ordinária";"143";"Eleições Gerais 2014";"05/10/2014";"BR";"BR";"BRASIL";"280000000067";"4";"13";"Terreno";"RUA C - QUADRA F - JARDIM REMANSO - BERTIOGA - SP";"14982,71";"12/07/2018";"16:35:38"
"20/09/2018";"09:50:19";"2014";"2";"Eleição Ordinária";"143";"Eleições Gerais 2014";"05/10/2014";"BR";"BR";"BRASIL";"280000000067";"5";"17";"Benfeitorias";"BENFEITORIAS EM IMÓVEL RESIDENCIAL LOCALIZADO NA RUA C-QUADRA F - JARDIM REMANSO - BERTIOGA - SP";"29883,92";"12/07/2018";"16:35:38"
"20/09/2018";"09:50:19";"2014";"2";"Eleição Ordinária";"143";"Eleições Gerais 2014";"05/10/2014";"BR";"BR";"BRASIL";"280000000067";"6";"17";"Benfeitorias";"BENFEITORIAS REALIZADAS EM IMÓVEL LOCALIZADO NA AL. ROBALO, 100, COND. ALPHAVILLE - RESIDENCIAL 11 - SANTANA DO PARNAÍBA - SP";"9104,38";"12/07/2018";"16:35:38"
"20/09/2018";"09:50:19";"2014";"2";"Eleição Ordinária";"143";"Eleições Gerais 2014";"05/10/2014";"BR";"BR";"BRASIL";"280000000067";"7";"17";"Benfeitorias";"BENFEITORIAS REALIZADAS NO IMÓVEL LOCALIZADO NA RUA BADEJO, 444- COND. ALPHAVILLE - RESIDENCIAL 11 - SANTANA DO PARNAÍBA - SP";"779,10";"12/07/2018";"16:35:38"
"20/09/2018";"09:50:19";"2014";"2";"Eleição Ordinária";"143";"Eleições Gerais 2014";"05/10/2014";"BR";"BR";"BRASIL";"280000000067";"8";"21";"Veículo automotor terrestre: caminhão, automóvel, moto, etc.";"VEÍCULO PEUGEOT, MODELO 406 - SV - 3.024 V - ANO 2001";"25998,00";"12/07/2018";"16:35:38"
"20/09/2018";"09:50:19";"2014";"2";"Eleição Ordinária";"143";"Eleições Gerais 2014";"05/10/2014";"BR";"BR";"BRASIL";"280000000067";"9";"21";"Veículo automotor terrestre: caminhão, automóvel, moto, etc.";"VEÍCULO FIAT TIPO 1994";"12160,00";"12/07/2018";"16:35:38"
"20/09/2018";"09:50:19";"2014";"2";"Eleição Ordinária";"143";"Eleições Gerais 2014";"05/10/2014";"BR";"BR";"BRASIL";"280000000067";"10";"21";"Veículo automotor terrestre: caminhão, automóvel, moto, etc.";"VEÍCULO CHEVROLET BLAZER EXECUTIVA ANO 1999";"56000,00";"12/07/2018";"16:35:38"
"20/09/2018";"09:50:19";"2014";"2";"Eleição Ordinária";"143";"Eleições Gerais 2014";"05/10/2014";"BR";"BR";"BRASIL";"280000000067";"11";"21";"Veículo automotor terrestre: caminhão, automóvel, moto, etc.";"VEÍCULO MITSUBISHI PAJERO";"142500,00";"12/07/2018";"16:35:38"
"20/09/2018";"09:50:19";"2014";"2";"Eleição Ordinária";"143";"Eleições Gerais 2014";"05/10/2014";"BR";"BR";"BRASIL";"280000000067";"12";"23";"Embarcação";"BALSA SALVA VIDAS NAUTIFLEX PARA 6 PESSOAS";"7000,00";"12/07/2018";"16:35:38"
"20/09/2018";"09:50:19";"2014";"2";"Eleição Ordinária";"143";"Eleições Gerais 2014";"05/10/2014";"BR";"BR";"BRASIL";"280000000067";"13";"23";"Embarcação";"EMBARCAÇÃO MODELO FOCKER 25.5 - MOTOR YAMAHA 225/HP";"123770,00";"12/07/2018";"16:35:38"
"20/09/2018";"09:50:19";"2014";"2";"Eleição Ordinária";"143";"Eleições Gerais 2014";"05/10/2014";"BR";"BR";"BRASIL";"280000000067";"14";"25";"Jóia, quadro, objeto de arte, de coleção, antiguidade, etc.";"ALIANÇA DE BRILHANTES";"4163,84";"12/07/2018";"16:35:38"
"20/09/2018";"09:50:19";"2014";"2";"Eleição Ordinária";"143";"Eleições Gerais 2014";"05/10/2014";"BR";"BR";"BRASIL";"280000000067";"15";"26";"Linha telefônica";"LINHAS TELEFÔNICAS";"13610,16";"12/07/2018";"16:35:38"
"20/09/2018";"09:50:19";"2014";"2";"Eleição Ordinária";"143";"Eleições Gerais 2014";"05/10/2014";"BR";"BR";"BRASIL";"280000000067";"16";"31";"Ações (inclusive as provenientes de linha telefônica)";"169.929 AÇÕES ESCRITURAIS BRASIL TELECOM S/A";"3459,00";"12/07/2018";"16:35:38"
"20/09/2018";"09:50:19";"2014";"2";"Eleição Ordinária";"143";"Eleições Gerais 2014";"05/10/2014";"BR";"BR";"BRASIL";"280000000067";"17";"31";"Ações (inclusive as provenientes de linha telefônica)";"246 AÇÕES PREFERNCIAIS VIVO PARTICIPAÇÕES";"2889,00";"12/07/2018";"16:35:38"
"20/09/2018";"09:50:19";"2014";"2";"Eleição Ordinária";"143";"Eleições Gerais 2014";"05/10/2014";"BR";"BR";"BRASIL";"280000000022";"3";"21";"Veículo automotor terrestre: caminhão, automóvel, moto, etc.";"HYUNDAI, TUCSON, 2009/2010";"64000,57";"12/07/2018";"16:35:38"
"20/09/2018";"09:50:19";"2014";"2";"Eleição Ordinária";"143";"Eleições Gerais 2014";"05/10/2014";"BR";"BR";"BRASIL";"280000000061";"2";"45";"Aplicação de renda fixa (CDB, RDB e outros)";"BB CDB DI BANCO DO BRASIL";"7500,00";"12/07/2018";"16:35:38"
"20/09/2018";"09:50:19";"2014";"2";"Eleição Ordinária";"143";"Eleições Gerais 2014";"05/10/2014";"BR";"BR";"BRASIL";"280000000067";"2";"12";"Casa";"CASA LOTE 01 QUADRA 31 ALAMEDA ROBALO - COND. ALPHAVILLE 11 SANTANA DO PARNAÍBA - SP";"160724,73";"12/07/2018";"16:35:38"
"20/09/2018";"09:50:19";"2014";"2";"Eleição Ordinária";"143";"Eleições Gerais 2014";"05/10/2014";"BR";"BR";"BRASIL";"280000000067";"3";"12";"Casa";"CASA - LOTE 02 QUADRA 27 - AL. BADEJO - COND. ALPHAVILLE - RESIDENCIAL 11 SANTANA DE PARNAÍBA - SP";"157489,56";"12/07/2018";"16:35:38"
"20/09/2018";"09:50:19";"2014";"2";"Eleição Ordinária";"143";"Eleições Gerais 2014";"05/10/2014";"BR";"BR";"BRASIL";"280000000067";"18";"39";"Outras participações societárias";"PARTICIPAÇÃO NO CAPITAL SOCIAL DA EMPRESA GRUNASE - GRUPO NACIONAL DE SERVIÇOS LTDA. CNPJ 62.184.338/0001-06";"356757,00";"12/07/2018";"16:35:38"
"20/09/2018";"09:50:19";"2014";"2";"Eleição Ordinária";"143";"Eleições Gerais 2014";"05/10/2014";"BR";"BR";"BRASIL";"280000000067";"20";"39";"Outras participações societárias";"PARTICIPAÇÃO NO CAPITAL SOCIAL DA EMPRESA CENTRO AUTOMOTIVO CAMINHO CERTO LTDA.";"2500,00";"12/07/2018";"16:35:38"
"20/09/2018";"09:50:19";"2014";"2";"Eleição Ordinária";"143";"Eleições Gerais 2014";"05/10/2014";"BR";"BR";"BRASIL";"280000000067";"21";"13";"Terreno";"1/6 DE UMA ÁREA DE 100.179,22M2 JÁ DEDUZIDA DA ÁREA ANTERIOR DE 8.892,78M2 LOCALIZADA NO MUNICÍPIO DE BOM PRICÍPIO RS";"3901,98";"12/07/2018";"16:35:38"
"20/09/2018";"09:50:19";"2014";"2";"Eleição Ordinária";"143";"Eleições Gerais 2014";"05/10/2014";"BR";"BR";"BRASIL";"280000000067";"22";"39";"Outras participações societárias";"CÔNJUGE - PARTICIPAÇÃO NO CAPITAL SOCIAL DA EMPRESA GRUNASE - GRUPO NACIONAL DE SERVIÇOS LTDA.";"35676,00";"12/07/2018";"16:35:38"
"20/09/2018";"09:50:19";"2014";"2";"Eleição Ordinária";"143";"Eleições Gerais 2014";"05/10/2014";"BR";"BR";"BRASIL";"280000000067";"23";"39";"Outras participações societárias";"CÔNJUGE - PARTICIPAÇÃO NO CAPITAL SOCIAL DA EMPRESA TERRASUL EMPREENDIMENTOS IMOBILIÁRIOS LTDA.";"4896,90";"12/07/2018";"16:35:38"
"20/09/2018";"09:50:19";"2014";"2";"Eleição Ordinária";"143";"Eleições Gerais 2014";"05/10/2014";"BR";"BR";"BRASIL";"280000000067";"24";"39";"Outras participações societárias";"CÔNJUGE - PARTICIPAÇÃO SOCIAL DA EPRESA CENTRO AUTOMOTIVO CAMINHO CERTO LTDA.";"2500,00";"12/07/2018";"16:35:38"
"20/09/2018";"09:50:19";"2014";"2";"Eleição Ordinária";"143";"Eleições Gerais 2014";"05/10/2014";"BR";"BR";"BRASIL";"280000000067";"25";"51";"Crédito decorrente de empréstimo";"CREDITO A RECEBER DE EMPRÉSTIMOS EFETUADOS PARA A EMPRESA CENTRO AUTOMOTIVO CAMINHO CERTO - CNPJ 02.727.407/0001-40";"895414,00";"12/07/2018";"16:35:38"
"20/09/2018";"09:50:19";"2014";"2";"Eleição Ordinária";"143";"Eleições Gerais 2014";"05/10/2014";"BR";"BR";"BRASIL";"280000000067";"26";"51";"Crédito decorrente de empréstimo";"CREDITO REFERENTE A CONTRATO DE EMPRÉSTIMO EFETUADO EM 19/02/2013 DE DINHEIRO ENTRE PESSOAS";"102282,42";"12/07/2018";"16:35:38"
"20/09/2018";"09:50:19";"2014";"2";"Eleição Ordinária";"143";"Eleições Gerais 2014";"05/10/2014";"BR";"BR";"BRASIL";"280000000067";"27";"51";"Crédito decorrente de empréstimo";"CRÉDITO REFERENTE A EMPRESTIMO EFETUADO EM 02/04/2013, MEDIANTE CONTRATO DE EMPRÉSTIMO DE DINHEIRO ENTRE PESSOAS FÍSICAS.";"401942,46";"12/07/2018";"16:35:38"
"20/09/2018";"09:50:19";"2014";"2";"Eleição Ordinária";"143";"Eleições Gerais 2014";"05/10/2014";"BR";"BR";"BRASIL";"280000000067";"28";"41";"Caderneta de poupança";"CADERNETA DE POUPANÇA AG.0762-5";"16233,17";"12/07/2018";"16:35:38"
"20/09/2018";"09:50:19";"2014";"2";"Eleição Ordinária";"143";"Eleições Gerais 2014";"05/10/2014";"BR";"BR";"BRASIL";"280000000067";"29";"71";"Fundo de investimento financeiro - FIF";"BANCO BRADESCO PRIME AG. 0762 FUNDO DE INVESTIMENTO RF MACRO";"14799,22";"12/07/2018";"16:35:38"
"20/09/2018";"09:50:19";"2014";"2";"Eleição Ordinária";"143";"Eleições Gerais 2014";"05/10/2014";"BR";"BR";"BRASIL";"280000000067";"30";"74";"Fundo de ações, inclusive Carteira Livre e Fundo de Investimento no exterior";"BANCO BRADESCO PRIME - AG. 0762-5 FUNDO DE AÇÕES FIQ FIA DIVIDENDOS";"118721,53";"12/07/2018";"16:35:38"
"20/09/2018";"09:50:19";"2014";"2";"Eleição Ordinária";"143";"Eleições Gerais 2014";"05/10/2014";"BR";"BR";"BRASIL";"280000000067";"31";"71";"Fundo de investimento financeiro - FIF";"BANCO BRADESCO PRIME - AG.0762-5 FUNDO DE INVESTIMENTO DI ESPECIAL";"494576,97";"12/07/2018";"16:35:38"
"20/09/2018";"09:50:19";"2014";"2";"Eleição Ordinária";"143";"Eleições Gerais 2014";"05/10/2014";"BR";"BR";"BRASIL";"280000000067";"32";"79";"Outros fundos";"BANCO BRADESCO PRIME AG. 0762-5 4 LCI LETRAS DE CRÉDITO IMOBILIÁRIO";"1202131,19";"12/07/2018";"16:35:38"
"20/09/2018";"09:50:19";"2014";"2";"Eleição Ordinária";"143";"Eleições Gerais 2014";"05/10/2014";"BR";"BR";"BRASIL";"280000000067";"33";"79";"Outros fundos";"CAIXA ECONÔMICA FEDERAL AG. 4085 - APLICAÇÃO EM LCI - LETRAS DE CRÉDITO IMOBILIÁRIO";"136135,04";"12/07/2018";"16:35:38"
"20/09/2018";"09:50:19";"2014";"2";"Eleição Ordinária";"143";"Eleições Gerais 2014";"05/10/2014";"BR";"BR";"BRASIL";"280000000067";"34";"45";"Aplicação de renda fixa (CDB, RDB e outros)";"BANCO DO BRASIL - AG. 4856-9 STILO BOA VISTA APLICAÇÃO EM CDB";"15538,12";"12/07/2018";"16:35:38"
"20/09/2018";"09:50:19";"2014";"2";"Eleição Ordinária";"143";"Eleições Gerais 2014";"05/10/2014";"BR";"BR";"BRASIL";"280000000067";"35";"45";"Aplicação de renda fixa (CDB, RDB e outros)";"BANCO DO BRASIL - AG 4856-9 STILO ALTO BOA VISTA FUNDO INV. DI LP VIP STILO";"222698,13";"12/07/2018";"16:35:38"
"20/09/2018";"09:50:19";"2014";"2";"Eleição Ordinária";"143";"Eleições Gerais 2014";"05/10/2014";"BR";"BR";"BRASIL";"280000000067";"36";"61";"Depósito bancário em conta corrente no País";"SALDO EM CONTA CORRENTE - BANCO SANTANDER - AG. 0120";"4459,71";"12/07/2018";"16:35:38"
"20/09/2018";"09:50:19";"2014";"2";"Eleição Ordinária";"143";"Eleições Gerais 2014";"05/10/2014";"BR";"BR";"BRASIL";"280000000067";"37";"61";"Depósito bancário em conta corrente no País";"SALDO EM CONTA CORRENTE - BANCO DO BRASIL AG. 48569";"197,78";"12/07/2018";"16:35:38"
"20/09/2018";"09:50:19";"2014";"2";"Eleição Ordinária";"143";"Eleições Gerais 2014";"05/10/2014";"BR";"BR";"BRASIL";"280000000067";"38";"61";"Depósito bancário em conta corrente no País";"SALDO EM CONTA CORRENTE BANCO DO BRASIL - AG.48569";"4730,08";"12/07/2018";"16:35:38"
"20/09/2018";"09:50:19";"2014";"2";"Eleição Ordinária";"143";"Eleições Gerais 2014";"05/10/2014";"BR";"BR";"BRASIL";"280000000067";"39";"61";"Depósito bancário em conta corrente no País";"SALDO EM CONTA CORRENTE - BANCO BRADESCO - AG. 0762-5";"1,00";"12/07/2018";"16:35:38"
"20/09/2018";"09:50:19";"2014";"2";"Eleição Ordinária";"143";"Eleições Gerais 2014";"05/10/2014";"BR";"BR";"BRASIL";"280000000067";"40";"64";"Dinheiro em espécie - moeda estrangeira";"VALOR EM MOEDA CORRENTE";"1000,00";"12/07/2018";"16:35:38"
"20/09/2018";"09:50:19";"2014";"2";"Eleição Ordinária";"143";"Eleições Gerais 2014";"05/10/2014";"BR";"BR";"BRASIL";"280000000067";"41";"63";"Dinheiro em espécie - moeda nacional";"VALOR EM MOEDA CORRENTE - CÔNJUGE";"1000,00";"12/07/2018";"16:35:38"
"20/09/2018";"09:50:19";"2014";"2";"Eleição Ordinária";"143";"Eleições Gerais 2014";"05/10/2014";"BR";"BR";"BRASIL";"280000000067";"42";"11";"Apartamento";"APARTAMENTO - RUA LUIZ MANOEL GONZAGA, 168 - APTO 201 - PORTO ALEGRE/RS";"119857,21";"12/07/2018";"16:35:38"
"20/09/2018";"09:50:19";"2014";"2";"Eleição Ordinária";"143";"Eleições Gerais 2014";"05/10/2014";"BR";"BR";"BRASIL";"280000000068";"1";"21";"Veículo automotor terrestre: caminhão, automóvel, moto, etc.";"VEÍCULO VW MODELO GOL ANO 2009/2010 PLACAS NAS 1369 ADQUIRIDO EM 12/2009 FINANCIADO EM 60 PARCELAS DE R$ 858,28 E ENTRADA DE R4 3.500,00";"27000,00";"12/07/2018";"16:35:38"
"20/09/2018";"09:50:19";"2014";"2";"Eleição Ordinária";"143";"Eleições Gerais 2014";"05/10/2014";"BR";"BR";"BRASIL";"280000000068";"2";"21";"Veículo automotor terrestre: caminhão, automóvel, moto, etc.";"VEÍCULO MODELO FORD SCORT ANO 1989 PLACA 3003";"2000,00";"12/07/2018";"16:35:38"
"20/09/2018";"09:50:19";"2014";"2";"Eleição Ordinária";"143";"Eleições Gerais 2014";"05/10/2014";"BR";"BR";"BRASIL";"280000000068";"3";"11";"Apartamento";"APARTAMENTO NO RESIDENCIAL CARANA, SITO NA RUA CHILE, 212, BLOCO 7 APTO. 212 FINANCIADO EM 180 PARCELAS DE R$ 248,00 PELA CEF EM 2009.";"40000,00";"12/07/2018";"16:35:38"
"20/09/2018";"09:50:19";"2014";"2";"Eleição Ordinária";"143";"Eleições Gerais 2014";"05/10/2014";"BR";"BR";"BRASIL";"280000000082";"1";"21";"Veículo automotor terrestre: caminhão, automóvel, moto, etc.";"MOTOCICLETA YAMAHA/RD 350, 1987";"3000,00";"12/07/2018";"16:35:38"
"20/09/2018";"09:50:19";"2014";"2";"Eleição Ordinária";"143";"Eleições Gerais 2014";"05/10/2014";"BR";"BR";"BRASIL";"280000000082";"2";"21";"Veículo automotor terrestre: caminhão, automóvel, moto, etc.";"SANTANA QUANTUM, WOLKS, 1996";"8000,00";"12/07/2018";"16:35:38"
"20/09/2018";"09:50:19";"2014";"2";"Eleição Ordinária";"143";"Eleições Gerais 2014";"05/10/2014";"BR";"BR";"BRASIL";"280000000083";"1";"41";"Caderneta de poupança";"POUPANÇA DA CAIXA ECONOMICA FEDERAL";"129904,13";"12/07/2018";"16:35:38"
"20/09/2018";"09:50:19";"2014";"2";"Eleição Ordinária";"143";"Eleições Gerais 2014";"05/10/2014";"BR";"BR";"BRASIL";"280000000083";"2";"11";"Apartamento";"SITO A AV COPACABANA, 1205/503 - PORTO ALEGRE - RS";"290302,29";"12/07/2018";"16:35:38"
"20/09/2018";"09:50:19";"2014";"2";"Eleição Ordinária";"143";"Eleições Gerais 2014";"05/10/2014";"BR";"BR";"BRASIL";"280000000083";"3";"12";"Casa";"SITO A RUA VISCONDE DO HERVAL, 442, PORTO ALEGRE - RS";"104047,44";"12/07/2018";"16:35:38"
"20/09/2018";"09:50:19";"2014";"2";"Eleição Ordinária";"143";"Eleições Gerais 2014";"05/10/2014";"BR";"BR";"BRASIL";"280000000083";"4";"21";"Veículo automotor terrestre: caminhão, automóvel, moto, etc.";"AUTOMÓVEL FIAT TIPO, 1996";"30642,00";"12/07/2018";"16:35:38"
"20/09/2018";"09:50:19";"2014";"2";"Eleição Ordinária";"143";"Eleições Gerais 2014";"05/10/2014";"BR";"BR";"BRASIL";"280000000083";"5";"31";"Ações (inclusive as provenientes de linha telefônica)";"AÇÕES REFERENTES A AQUISIÇÃO DE UM TELEFONE";"3082,00";"12/07/2018";"16:35:38"
"20/09/2018";"09:50:19";"2014";"2";"Eleição Ordinária";"143";"Eleições Gerais 2014";"05/10/2014";"BR";"BR";"BRASIL";"280000000083";"6";"61";"Depósito bancário em conta corrente no País";"SALDO NO BANRISUL";"1212,23";"12/07/2018";"16:35:38"
"20/09/2018";"09:50:19";"2014";"2";"Eleição Ordinária";"143";"Eleições Gerais 2014";"05/10/2014";"BR";"BR";"BRASIL";"280000000083";"7";"61";"Depósito bancário em conta corrente no País";"SALDO NA CAIXA ECONOMICA FEDERAL";"8768,48";"12/07/2018";"16:35:38"
"20/09/2018";"09:50:19";"2014";"2";"Eleição Ordinária";"143";"Eleições Gerais 2014";"05/10/2014";"BR";"BR";"BRASIL";"280000000083";"8";"63";"Dinheiro em espécie - moeda nacional";"DINHEIRO EM ESPÉCIE";"152000,00";"12/07/2018";"16:35:38"
"20/09/2018";"09:50:19";"2014";"2";"Eleição Ordinária";"143";"Eleições Gerais 2014";"05/10/2014";"BR";"BR";"BRASIL";"280000000083";"9";"25";"Jóia, quadro, objeto de arte, de coleção, antiguidade, etc.";"JOIAS ADQUIRIDAS";"72000,00";"12/07/2018";"16:35:38"
"20/09/2018";"09:50:19";"2014";"2";"Eleição Ordinária";"143";"Eleições Gerais 2014";"05/10/2014";"BR";"BR";"BRASIL";"280000000083";"10";"11";"Apartamento";"RUA COUTO DE MAGALHÃES, 1155/502 - PORTO ALEGRE - RS";"250520,00";"12/07/2018";"16:35:38"
"20/09/2018";"09:50:19";"2014";"2";"Eleição Ordinária";"143";"Eleições Gerais 2014";"05/10/2014";"BR";"BR";"BRASIL";"280000000083";"11";"11";"Apartamento";"ED SOLAR, SITO NA AV JOAO PINHEIRO, 65 - BLOCO A/1001 - BELO HORIZONTE - MG";"118611,00";"12/07/2018";"16:35:38"
"20/09/2018";"09:50:19";"2014";"2";"Eleição Ordinária";"143";"Eleições Gerais 2014";"05/10/2014";"BR";"BR";"BRASIL";"280000000083";"12";"13";"Terreno";"LOTE 84 DO CONDOMINIO ALPHAVILLE PORTO ALEGRE NORTE - PORTO ALEGRE - RS";"247962,36";"12/07/2018";"16:35:38"
"20/09/2018";"09:50:19";"2014";"2";"Eleição Ordinária";"143";"Eleições Gerais 2014";"05/10/2014";"BR";"BR";"BRASIL";"280000000083";"13";"71";"Fundo de investimento financeiro - FIF";"FUNDOS DE INVESTIMENTOS NO BANRISUL";"3660,71";"12/07/2018";"16:35:38"
"20/09/2018";"09:50:19";"2014";"2";"Eleição Ordinária";"143";"Eleições Gerais 2014";"05/10/2014";"BR";"BR";"BRASIL";"280000000083";"14";"13";"Terreno";"LOTE 85 DO CONDOMINIO ALPHAVILLE PORTO ALEGRE NORTE - PORTO ALEGRE - RS";"337983,00";"12/07/2018";"16:35:38"
"20/09/2018";"09:50:19";"2014";"2";"Eleição Ordinária";"143";"Eleições Gerais 2014";"05/10/2014";"BR";"BR";"BRASIL";"280000000084";"1";"13";"Terreno";"LOTES 4,5 E 6 - QUADRA E - JARDIM DE ALA - TIETE - SP";"20819,17";"12/07/2018";"16:35:38"
"20/09/2018";"09:50:19";"2014";"2";"Eleição Ordinária";"143";"Eleições Gerais 2014";"05/10/2014";"BR";"BR";"BRASIL";"280000000084";"2";"13";"Terreno";"LOTE N. 2 - JARDIM DE ALA V, TIETE - SP";"20819,17";"12/07/2018";"16:35:38"
"20/09/2018";"09:50:19";"2014";"2";"Eleição Ordinária";"143";"Eleições Gerais 2014";"05/10/2014";"BR";"BR";"BRASIL";"280000000084";"3";"13";"Terreno";"LOTES N. 9,10,11,12,20,21,22 E 23 - JARDIM DE ALA - TIETE - SP";"77724,95";"12/07/2018";"16:35:38"
"20/09/2018";"09:50:19";"2014";"2";"Eleição Ordinária";"143";"Eleições Gerais 2014";"05/10/2014";"BR";"BR";"BRASIL";"280000000084";"4";"19";"Outros bens imóveis";"1/6 IDEAL DA CHÁCARA SÃO MIGUEL - TIETE - SP";"13879,44";"12/07/2018";"16:35:38"
"20/09/2018";"09:50:19";"2014";"2";"Eleição Ordinária";"143";"Eleições Gerais 2014";"05/10/2014";"BR";"BR";"BRASIL";"280000000084";"5";"11";"Apartamento";"CONJUNTO N. 101, EDIFICIO LUGANO - R. PEDROSO ALVARENGA, 900- SP";"190000,00";"12/07/2018";"16:35:38"
"20/09/2018";"09:50:19";"2014";"2";"Eleição Ordinária";"143";"Eleições Gerais 2014";"05/10/2014";"BR";"BR";"BRASIL";"280000000084";"6";"11";"Apartamento";"CONJUNTO N. 102 - EDIFICIO LUGANO - R, PEDROSO ALVARENGA, 900, SP";"190000,00";"12/07/2018";"16:35:38"
"20/09/2018";"09:50:19";"2014";"2";"Eleição Ordinária";"143";"Eleições Gerais 2014";"05/10/2014";"BR";"BR";"BRASIL";"280000000084";"7";"21";"Veículo automotor terrestre: caminhão, automóvel, moto, etc.";"AUTOMOVEL AUDI A6 3.0 BLINDADO ANO/MODELO 2003";"282000,00";"12/07/2018";"16:35:38"
"20/09/2018";"09:50:19";"2014";"2";"Eleição Ordinária";"143";"Eleições Gerais 2014";"05/10/2014";"BR";"BR";"BRASIL";"280000000084";"8";"71";"Fundo de investimento financeiro - FIF";"FUNDO DE INVESTIMENTO EM COTAS CAIXA ECONOMICA FEDERAL";"246294,96";"12/07/2018";"16:35:38"
"20/09/2018";"09:50:19";"2014";"2";"Eleição Ordinária";"143";"Eleições Gerais 2014";"05/10/2014";"BR";"BR";"BRASIL";"280000000084";"9";"61";"Depósito bancário em conta corrente no País";"CONTA CORRENTE CAIXA ECONOMICA FEDERAL";"106,37";"12/07/2018";"16:35:38"
"20/09/2018";"09:50:19";"2014";"2";"Eleição Ordinária";"143";"Eleições Gerais 2014";"05/10/2014";"BR";"BR";"BRASIL";"280000000084";"10";"32";"Quotas ou quinhões de capital";"9.800 COTAS DA EMPRESA TEMER ADVOGADOS ASSOCIADOS";"9800,00";"12/07/2018";"16:35:38"
"20/09/2018";"09:50:19";"2014";"2";"Eleição Ordinária";"143";"Eleições Gerais 2014";"05/10/2014";"BR";"BR";"BRASIL";"280000000084";"11";"45";"Aplicação de renda fixa (CDB, RDB e outros)";"CDB SANTANDER S/A";"2279236,75";"12/07/2018";"16:35:38"
"20/09/2018";"09:50:19";"2014";"2";"Eleição Ordinária";"143";"Eleições Gerais 2014";"05/10/2014";"BR";"BR";"BRASIL";"280000000084";"12";"61";"Depósito bancário em conta corrente no País";"SD CREDOR EM C/C TEMER ADVOGADOS";"86400,18";"12/07/2018";"16:35:38"
"20/09/2018";"09:50:19";"2014";"2";"Eleição Ordinária";"143";"Eleições Gerais 2014";"05/10/2014";"BR";"BR";"BRASIL";"280000000084";"13";"21";"Veículo automotor terrestre: caminhão, automóvel, moto, etc.";"AUTOMOVEL GM - VECTRA SEDAN ELITE 2.4 2006/2006";"50000,00";"12/07/2018";"16:35:38"
"20/09/2018";"09:50:19";"2014";"2";"Eleição Ordinária";"143";"Eleições Gerais 2014";"05/10/2014";"BR";"BR";"BRASIL";"280000000084";"14";"31";"Ações (inclusive as provenientes de linha telefônica)";"SB FIC FI ONIX AÇÕES - BANCO SANTANDER";"0,01";"12/07/2018";"16:35:38"
"20/09/2018";"09:50:19";"2014";"2";"Eleição Ordinária";"143";"Eleições Gerais 2014";"05/10/2014";"BR";"BR";"BRASIL";"280000000084";"15";"32";"Quotas ou quinhões de capital";"9.900 QUOTAS DA EMPRESA TABAPUA INVESTIMENTOS E PARTICIPAÇÕES LTDA";"2209900,00";"12/07/2018";"16:35:38"
"20/09/2018";"09:50:19";"2014";"2";"Eleição Ordinária";"143";"Eleições Gerais 2014";"05/10/2014";"BR";"BR";"BRASIL";"280000000084";"16";"45";"Aplicação de renda fixa (CDB, RDB e outros)";"BANCO SANTANDER BRASIL S/A";"338879,84";"12/07/2018";"16:35:38"
"20/09/2018";"09:50:19";"2014";"2";"Eleição Ordinária";"143";"Eleições Gerais 2014";"05/10/2014";"BR";"BR";"BRASIL";"280000000084";"17";"71";"Fundo de investimento financeiro - FIF";"BANCO SANTANDER BRASIL S/A FIC FI";"11195,83";"12/07/2018";"16:35:38"
"20/09/2018";"09:50:19";"2014";"2";"Eleição Ordinária";"143";"Eleições Gerais 2014";"05/10/2014";"BR";"BR";"BRASIL";"280000000084";"18";"45";"Aplicação de renda fixa (CDB, RDB e outros)";"BANDO DO BRASIL BB CDB DI";"38000,00";"12/07/2018";"16:35:38"
"20/09/2018";"09:50:19";"2014";"2";"Eleição Ordinária";"143";"Eleições Gerais 2014";"05/10/2014";"BR";"BR";"BRASIL";"280000000084";"19";"45";"Aplicação de renda fixa (CDB, RDB e outros)";"BANCO DO BRASIL BB RF LP";"464554,43";"12/07/2018";"16:35:38"
"20/09/2018";"09:50:19";"2014";"2";"Eleição Ordinária";"143";"Eleições Gerais 2014";"05/10/2014";"BR";"BR";"BRASIL";"280000000084";"20";"41";"Caderneta de poupança";"BANCO DO BRASIL POPUANÇCA OURO";"232545,05";"12/07/2018";"16:35:38"
"20/09/2018";"09:50:19";"2014";"2";"Eleição Ordinária";"143";"Eleições Gerais 2014";"05/10/2014";"BR";"BR";"BRASIL";"280000000084";"21";"59";"Outros créditos e poupança vinculados";"CREDITO CONDOMINIO EDIFICIO LUGANO (FUNDO DE CAIXA CONDOMINIO)";"1687,44";"12/07/2018";"16:35:38"
"20/09/2018";"09:50:19";"2014";"2";"Eleição Ordinária";"143";"Eleições Gerais 2014";"05/10/2014";"BR";"BR";"BRASIL";"280000000084";"22";"1";"Prédio residencial";"PREDIO C/370 M2 DE AREA CONSTRUIDA E RESPEC. TERRENO C/546 M2 A. R. BENETT E PCA CONDE BARCELOS, 377, SÃO PAULO - SP";"722977,41";"12/07/2018";"16:35:38"
"20/09/2018";"09:50:19";"2014";"2";"Eleição Ordinária";"143";"Eleições Gerais 2014";"05/10/2014";"BR";"BR";"BRASIL";"280000000084";"23";"13";"Terreno";"LOTE DE TERRENO MATRÍCULO 4809 - REGISTRO DE IMOVEIS DE TIETE - SP";"34698,03";"12/07/2018";"16:35:38"
"20/09/2018";"09:50:19";"2014";"2";"Eleição Ordinária";"143";"Eleições Gerais 2014";"05/10/2014";"BR";"BR";"BRASIL";"280000000084";"24";"59";"Outros créditos e poupança vinculados";"JCP TELEFONICA BRASIL S/A";"57,68";"12/07/2018";"16:35:38"
"20/09/2018";"09:50:19";"2014";"2";"Eleição Ordinária";"143";"Eleições Gerais 2014";"05/10/2014";"BR";"BR";"BRASIL";"280000000084";"25";"61";"Depósito bancário em conta corrente no País";"C/C BANCO DO BRASIL";"222,56";"12/07/2018";"16:35:38"
"20/09/2018";"09:50:19";"2014";"2";"Eleição Ordinária";"143";"Eleições Gerais 2014";"05/10/2014";"BR";"BR";"BRASIL";"280000000085";"1";"31";"Ações (inclusive as provenientes de linha telefônica)";"AÇÕES TELEBRÁS S/A - AVALIAÇÃO DE TODOS OS BENS DE ACORDO COM A LEI FISCAL, MANTIDOS OS VALORES ORIGINÁRIOS CONF. ART. 96, LEI 8383, ART. 22, LEI 8981, ARTS. 17 E 30, LEI 9249 E ARTS. 125 E128 REG. IR";"217,26";"12/07/2018";"16:35:38"
"20/09/2018";"09:50:19";"2014";"2";"Eleição Ordinária";"143";"Eleições Gerais 2014";"05/10/2014";"BR";"BR";"BRASIL";"280000000085";"2";"11";"Apartamento";"UM APARTAMENTO NA AV. EPITACIO PESSOA 100/01 MUNICÍPIO DO RIO DE JANEIRO ADQUIRIDO EM 1995";"109550,00";"12/07/2018";"16:35:38"
"20/09/2018";"09:50:19";"2014";"2";"Eleição Ordinária";"143";"Eleições Gerais 2014";"05/10/2014";"BR";"BR";"BRASIL";"280000000085";"3";"11";"Apartamento";"UM APARTAMENTO NA RUA SAMUEL PEREIRA 237/1101 MUNICÍPIO DE BELO HORIZONTE ADQUIRIDO EM 1996";"222000,00";"12/07/2018";"16:35:38"
"20/09/2018";"09:50:19";"2014";"2";"Eleição Ordinária";"143";"Eleições Gerais 2014";"05/10/2014";"BR";"BR";"BRASIL";"280000000085";"4";"13";"Terreno";"UM LOTE NUMERO 2 QUADRA 08 BAIRRO CABECEIRAS MUNICÍPIO  DE NOVA LIMA ADQUIRIDO EM 1990";"6939,73";"12/07/2018";"16:35:38"
"20/09/2018";"09:50:19";"2014";"2";"Eleição Ordinária";"143";"Eleições Gerais 2014";"05/10/2014";"BR";"BR";"BRASIL";"280000000085";"5";"13";"Terreno";"DOIS LOTES NÚMEROS 10 E 10A CONDOMÍNIO OURO VELHO MUNICÍPIO DE NOVA LIMA ADQUIRIDO EM 1991";"9715,62";"12/07/2018";"16:35:38"
"20/09/2018";"09:50:19";"2014";"2";"Eleição Ordinária";"143";"Eleições Gerais 2014";"05/10/2014";"BR";"BR";"BRASIL";"280000000085";"6";"32";"Quotas ou quinhões de capital";"88.000 COTAS RÁDIO ARCO IRIS LTDA";"700000,00";"12/07/2018";"16:35:38"
"20/09/2018";"09:50:19";"2014";"2";"Eleição Ordinária";"143";"Eleições Gerais 2014";"05/10/2014";"BR";"BR";"BRASIL";"280000000085";"7";"31";"Ações (inclusive as provenientes de linha telefônica)";"AÇÕES JUNTO A EMPRESA DIÁRIOS ASSOCIADOS S/A QUE PERTENCERAM A MEU AVÔ TANCREDO DE ALMEIDA NEVES";"0,09";"12/07/2018";"16:35:38"
"20/09/2018";"09:50:19";"2014";"2";"Eleição Ordinária";"143";"Eleições Gerais 2014";"05/10/2014";"BR";"BR";"BRASIL";"280000000085";"8";"32";"Quotas ou quinhões de capital";"14.153 COTAS DE CAPITAL JUNTO A IM PARTICIPAÇÕES E ADM LTDA";"95179,12";"12/07/2018";"16:35:38"
"20/09/2018";"09:50:19";"2014";"2";"Eleição Ordinária";"143";"Eleições Gerais 2014";"05/10/2014";"BR";"BR";"BRASIL";"280000000085";"9";"32";"Quotas ou quinhões de capital";"9.819 COTAS DE CAPITAL JUNTO NC PARTICIPAÇÕES E ADM. LTDA";"9819,00";"12/07/2018";"16:35:38"
"20/09/2018";"09:50:19";"2014";"2";"Eleição Ordinária";"143";"Eleições Gerais 2014";"05/10/2014";"BR";"BR";"BRASIL";"280000000085";"10";"51";"Crédito decorrente de empréstimo";"EMPRÉSTIMO A NC PARTICIPAÇÕES LTDA";"8544,12";"12/07/2018";"16:35:38"
"20/09/2018";"09:50:19";"2014";"2";"Eleição Ordinária";"143";"Eleições Gerais 2014";"05/10/2014";"BR";"BR";"BRASIL";"280000000085";"11";"25";"Jóia, quadro, objeto de arte, de coleção, antiguidade, etc.";"OBJETO DE ARTE ADQUIRIDO EM LEILÃO BENEFICENTE";"13650,00";"12/07/2018";"16:35:38"
"20/09/2018";"09:50:19";"2014";"2";"Eleição Ordinária";"143";"Eleições Gerais 2014";"05/10/2014";"BR";"BR";"BRASIL";"280000000085";"12";"19";"Outros bens imóveis";"50% IMÓVEL RURAL MUNICÍPIO DE CLAUDIO CONFORME REGISTRO R.06-11.678 LIVRO 2 CART. REG. IMÓVEIS";"87000,00";"12/07/2018";"16:35:38"
"20/09/2018";"09:50:19";"2014";"2";"Eleição Ordinária";"143";"Eleições Gerais 2014";"05/10/2014";"BR";"BR";"BRASIL";"280000000085";"13";"25";"Jóia, quadro, objeto de arte, de coleção, antiguidade, etc.";"JÓIAS DE FAMÍLIA QUE PERTENCERAM AO MEU PAI AÉCIO FERREIRA DA CUNHA FALECIDO EM 03 DE OUTUBRO DE 2010";"20000,00";"12/07/2018";"16:35:38"
"20/09/2018";"09:50:19";"2014";"2";"Eleição Ordinária";"143";"Eleições Gerais 2014";"05/10/2014";"BR";"BR";"BRASIL";"280000000085";"14";"21";"Veículo automotor terrestre: caminhão, automóvel, moto, etc.";"VEÍCULO LAND ROVER FREELANDER ANO 2012/2012";"166500,00";"12/07/2018";"16:35:38"
"20/09/2018";"09:50:19";"2014";"2";"Eleição Ordinária";"143";"Eleições Gerais 2014";"05/10/2014";"BR";"BR";"BRASIL";"280000000085";"15";"32";"Quotas ou quinhões de capital";"9.000 COTAS PERFIL RIO PARTICIPAÇÕES LTDA";"9000,00";"12/07/2018";"16:35:38"
"20/09/2018";"09:50:19";"2014";"2";"Eleição Ordinária";"143";"Eleições Gerais 2014";"05/10/2014";"BR";"BR";"BRASIL";"280000000085";"16";"61";"Depósito bancário em conta corrente no País";"SALDO EM CONTA CORRENTE EM 03/07/2014 NO ITAU";"39285,41";"12/07/2018";"16:35:38"
"20/09/2018";"09:50:19";"2014";"2";"Eleição Ordinária";"143";"Eleições Gerais 2014";"05/10/2014";"BR";"BR";"BRASIL";"280000000085";"17";"45";"Aplicação de renda fixa (CDB, RDB e outros)";"SALDO APLICAÇÃO NO BCO ITAU EM 03/07/2014";"66263,48";"12/07/2018";"16:35:38"
"20/09/2018";"09:50:19";"2014";"2";"Eleição Ordinária";"143";"Eleições Gerais 2014";"05/10/2014";"BR";"BR";"BRASIL";"280000000085";"18";"61";"Depósito bancário em conta corrente no País";"SALDO EM CONTA CORRENTE EM 03/07/2014 BB";"29901,10";"12/07/2018";"16:35:38"
"20/09/2018";"09:50:19";"2014";"2";"Eleição Ordinária";"143";"Eleições Gerais 2014";"05/10/2014";"BR";"BR";"BRASIL";"280000000085";"19";"45";"Aplicação de renda fixa (CDB, RDB e outros)";"APLICAÇÃO BB EM 03/07/2014";"80199,71";"12/07/2018";"16:35:38"
"20/09/2018";"09:50:19";"2014";"2";"Eleição Ordinária";"143";"Eleições Gerais 2014";"05/10/2014";"BR";"BR";"BRASIL";"280000000085";"20";"32";"Quotas ou quinhões de capital";"19.791 COTAS PERFIL AGROPECUÁRIA E FLORESTAL LTDA SENDO 15.833 HERDADAS DE MEU PAI AÉCIO FERREIRA DA CUNHA FALECIDO EM 03 DE OUTUBRO DE 2010";"666660,00";"12/07/2018";"16:35:38"
"20/09/2018";"09:50:19";"2014";"2";"Eleição Ordinária";"143";"Eleições Gerais 2014";"05/10/2014";"BR";"BR";"BRASIL";"280000000085";"21";"97";"VGBL - Vida Gerador de Benefício Livre";"BRASILPREV";"148800,48";"12/07/2018";"16:35:38"
"20/09/2018";"09:50:19";"2014";"2";"Eleição Ordinária";"143";"Eleições Gerais 2014";"05/10/2014";"BR";"BR";"BRASIL";"280000000085";"22";"61";"Depósito bancário em conta corrente no País";"SALDO BB";"11645,16";"12/07/2018";"16:35:38"
"20/09/2018";"09:50:19";"2014";"2";"Eleição Ordinária";"143";"Eleições Gerais 2014";"05/10/2014";"BR";"BR";"BRASIL";"280000000085";"23";"73";"Fundo de capitalização";"OUROCAP";"2651,53";"12/07/2018";"16:35:38"
"20/09/2018";"09:50:19";"2014";"2";"Eleição Ordinária";"143";"Eleições Gerais 2014";"05/10/2014";"BR";"BR";"BRASIL";"280000000086";"1";"19";"Outros bens imóveis";"IMÓVEL RURAL COM BENFEITORIAS DENOMINADO FAZENDA MARIMBONDO DE 135 HECTARES, EM GUZOLÂNDIA-SP, IMÓVEL ADQUIRIDO EM 02/05/1980 CONFORME ESCRITURA DE DOAÇÃO FEITA PELO PAI, LIVRO N. 251";"1124235,40";"12/07/2018";"16:35:38"
"20/09/2018";"09:50:19";"2014";"2";"Eleição Ordinária";"143";"Eleições Gerais 2014";"05/10/2014";"BR";"BR";"BRASIL";"280000000086";"2";"29";"Outros bens móveis";"CABEÇAS DE GADO DA RAÇA NELORE, BOIS, VACAS, GARROTES E OUVINOS";"1500,00";"12/07/2018";"16:35:38"
"20/09/2018";"09:50:19";"2014";"2";"Eleição Ordinária";"143";"Eleições Gerais 2014";"05/10/2014";"BR";"BR";"BRASIL";"280000000086";"3";"61";"Depósito bancário em conta corrente no País";"CITYBANK";"128,22";"12/07/2018";"16:35:38"
"20/09/2018";"09:50:19";"2014";"2";"Eleição Ordinária";"143";"Eleições Gerais 2014";"05/10/2014";"BR";"BR";"BRASIL";"280000000086";"4";"61";"Depósito bancário em conta corrente no País";"5 CONTAS CORRENTES NO BANCO DO BRASIL";"43440,69";"12/07/2018";"16:35:38"
"20/09/2018";"09:50:19";"2014";"2";"Eleição Ordinária";"143";"Eleições Gerais 2014";"05/10/2014";"BR";"BR";"BRASIL";"280000000086";"5";"45";"Aplicação de renda fixa (CDB, RDB e outros)";"BANCO DO BRASIL";"11500,00";"12/07/2018";"16:35:38"
"20/09/2018";"09:50:19";"2014";"2";"Eleição Ordinária";"143";"Eleições Gerais 2014";"05/10/2014";"BR";"BR";"BRASIL";"280000000086";"6";"32";"Quotas ou quinhões de capital";"4000 REPRESENTANDO 40% DO CAPITAL SOCIAL DA EMPRESA SPE NUNES FERREIRA EMPREENDIMENTOS IMOBILIÁRIOS";"4000,00";"12/07/2018";"16:35:38"
"20/09/2018";"09:50:19";"2014";"2";"Eleição Ordinária";"143";"Eleições Gerais 2014";"05/10/2014";"BR";"BR";"BRASIL";"280000000086";"7";"19";"Outros bens imóveis";"1/6 DO IMÓVEL RURAL DENOMINADO FAZENDA BOA ESPERANÇA, EM PONTALINA, ADQUIRIDO DO ESPÓLIO  DE ALOYSIO NUNES FERREIRA (PAI) COM ESCRITURA DE DIVISÃO AMIGÁVEL ENTRE IRMÃOS NO 10. TABELIONATO DE JALES";"1,00";"12/07/2018";"16:35:38"
"20/09/2018";"09:50:19";"2014";"2";"Eleição Ordinária";"143";"Eleições Gerais 2014";"05/10/2014";"BR";"BR";"BRASIL";"280000000086";"8";"19";"Outros bens imóveis";"1/6 DO IMÓVEL RURAL DENOMINADO FAZENDA SANTANA, EM GUAPIAÇU, ADQUIRIDA DO ESPÓLIO DE ALOYSIO NUNES FERREIRA (PAI) COM ESCRITURA DE DIVISÃO AMIGÁVEL ENTRE IRMÃOS, NO 10. CARTÓRIO DE IMÓVEIS DE SJRP";"1,00";"12/07/2018";"16:35:38"
"20/09/2018";"09:50:19";"2014";"2";"Eleição Ordinária";"143";"Eleições Gerais 2014";"05/10/2014";"BR";"BR";"BRASIL";"280000000086";"9";"11";"Apartamento";"UNIDADE 81 DO ED. FERES RAYES EM SÃO JOSÉ DO RIO PRETO - SP";"120000,00";"12/07/2018";"16:35:38"
"20/09/2018";"09:50:19";"2014";"2";"Eleição Ordinária";"143";"Eleições Gerais 2014";"05/10/2014";"BR";"BR";"BRASIL";"280000000086";"10";"11";"Apartamento";"UNIDADE 81 DO ED. LARANJEIRAS, SITUADO NA RUA PIAUÍ, 640, CONSOLAÇÃO, SÃO PAULO-SP";"540000,00";"12/07/2018";"16:35:38"
"20/09/2018";"09:50:19";"2014";"2";"Eleição Ordinária";"143";"Eleições Gerais 2014";"05/10/2014";"BR";"BR";"BRASIL";"280000000086";"11";"41";"Caderneta de poupança";"BANCO DO BRASIL - AVALIAÇÃO DE TODOS OS BENS DE ACORDO COM A LEI FISCAL MANTIDOS OS VALORES ORIGINÁRIOS CONF. ART. 96, LEI 8383, ART. 22, LEI 8981, ARTS. 17 E 30, LEI 9249 E ARTS. 125 E 127 REG. IR";"948,35";"12/07/2018";"16:35:38"
"20/09/2018";"09:50:19";"2014";"2";"Eleição Ordinária";"143";"Eleições Gerais 2014";"05/10/2014";"BR";"BR";"BRASIL";"280000000121";"1";"12";"Casa";"CASA EM RIO BRANCO/AC SITUADA NA RUA 14 DE JUNHO, N. 98, BAIRRO SÃO FRANCISCO";"60000,00";"12/07/2018";"16:35:38"
"20/09/2018";"09:50:19";"2014";"2";"Eleição Ordinária";"143";"Eleições Gerais 2014";"05/10/2014";"BR";"BR";"BRASIL";"280000000121";"2";"19";"Outros bens imóveis";"SEIS LOTES NA CHACARAEL SHADAI II, ÁREA TOTAL DE 16.197M, RIO BRANCO/AC";"42481,50";"12/07/2018";"16:35:38"
"20/09/2018";"09:50:19";"2014";"2";"Eleição Ordinária";"143";"Eleições Gerais 2014";"05/10/2014";"BR";"BR";"BRASIL";"280000000121";"3";"61";"Depósito bancário em conta corrente no País";"SALDO EM CONTA CORRENTE DO BANCO DO BRASIL";"27920,88";"12/07/2018";"16:35:38"
"20/09/2018";"09:50:19";"2014";"2";"Eleição Ordinária";"143";"Eleições Gerais 2014";"05/10/2014";"BR";"BR";"BRASIL";"280000000121";"4";"32";"Quotas ou quinhões de capital";"CAPITAL DA FIRMA INDIVIDUAL MOM DA S.V. DE LIMA, CNPJ N. 13.472.454/0001-07";"5000,00";"12/07/2018";"16:35:38"
"20/09/2018";"09:50:19";"2014";"2";"Eleição Ordinária";"143";"Eleições Gerais 2014";"05/10/2014";"BR";"BR";"BRASIL";"280000000121";"5";"41";"Caderneta de poupança";"SALDO EM CONTA POUPANÇA DO BANCO HSBC";"15616,94";"12/07/2018";"16:35:38"
"20/09/2018";"09:50:19";"2014";"2";"Eleição Ordinária";"143";"Eleições Gerais 2014";"05/10/2014";"BR";"BR";"BRASIL";"280000000121";"6";"72";"Fundo de aplicação em quotas de fundos de investimento";"SALDO EM APLICAÇÃO DE RENDA FIXA NO BANCO HSBC";"30000,00";"12/07/2018";"16:35:38"
"20/09/2018";"09:50:19";"2014";"2";"Eleição Ordinária";"143";"Eleições Gerais 2014";"05/10/2014";"BR";"BR";"BRASIL";"280000000123";"1";"11";"Apartamento";"APARTAMENTO EM FLORIANÓPOLIS/SC";"182248,47";"12/07/2018";"16:35:38"
"20/09/2018";"09:50:19";"2014";"2";"Eleição Ordinária";"143";"Eleições Gerais 2014";"05/10/2014";"BR";"BR";"BRASIL";"280000000123";"2";"12";"Casa";"CASA EM PORTO ALEGRE/RS";"378300,00";"12/07/2018";"16:35:38"
"20/09/2018";"09:50:19";"2014";"2";"Eleição Ordinária";"143";"Eleições Gerais 2014";"05/10/2014";"BR";"BR";"BRASIL";"280000000123";"3";"12";"Casa";"CASA - IMÓVEL ADQUIRIDO NA PLANTA EM PORTO ALEGRE/RS";"100000,00";"12/07/2018";"16:35:38"
"20/09/2018";"09:50:19";"2014";"2";"Eleição Ordinária";"143";"Eleições Gerais 2014";"05/10/2014";"BR";"BR";"BRASIL";"280000000123";"4";"15";"Sala ou conjunto";"SALA COMERCIAL EM PASSO FUNDO";"30000,00";"12/07/2018";"16:35:38"
"20/09/2018";"09:50:19";"2014";"2";"Eleição Ordinária";"143";"Eleições Gerais 2014";"05/10/2014";"BR";"BR";"BRASIL";"280000000123";"5";"19";"Outros bens imóveis";"APART-HOTEL EM BRASÍLIA-DF";"143000,00";"12/07/2018";"16:35:38"
"20/09/2018";"09:50:19";"2014";"2";"Eleição Ordinária";"143";"Eleições Gerais 2014";"05/10/2014";"BR";"BR";"BRASIL";"280000000123";"6";"21";"Veículo automotor terrestre: caminhão, automóvel, moto, etc.";"CARRO SSANGYONG REXTON, ANO/MODELO 2011";"100000,00";"12/07/2018";"16:35:38"
"20/09/2018";"09:50:19";"2014";"2";"Eleição Ordinária";"143";"Eleições Gerais 2014";"05/10/2014";"BR";"BR";"BRASIL";"280000000123";"7";"21";"Veículo automotor terrestre: caminhão, automóvel, moto, etc.";"MOTOCICLETA HARLEY DAVIDSON/FLHX , ANO/MODELO 2012";"50000,00";"12/07/2018";"16:35:38"
"20/09/2018";"09:50:19";"2014";"2";"Eleição Ordinária";"143";"Eleições Gerais 2014";"05/10/2014";"BR";"BR";"BRASIL";"280000000123";"8";"61";"Depósito bancário em conta corrente no País";"SALDO EM CONTA CORRENTE DO BANCO DO BRASIL";"24150,27";"12/07/2018";"16:35:38"
"20/09/2018";"09:50:19";"2014";"2";"Eleição Ordinária";"143";"Eleições Gerais 2014";"05/10/2014";"BR";"BR";"BRASIL";"280000000067";"19";"39";"Outras participações societárias";"PARTICIPAÇÃO NO CAPITAL SOCIAL DA EMPRESA TERRASUL EMPREENDIMENTOS IMOBILIÁRIOS LTDA.";"122527,81";"12/07/2018";"16:35:38"
